sourceName,sourceVersion,device,creationDate,startDate,endDate,workoutActivityType,duration,durationUnit,totalDistance,totalDistanceUnit,totalEnergyBurned,totalEnergyBurnedUnit
"Asana Rebel","3.19.2.877",,2018-02-27 01:50:43 -0600,2018-02-27 01:30:01 -0600,2018-02-27 01:50:43 -0600,"HKWorkoutActivityTypeYoga",20.7,"min",,,,
"Divvy","5047",,2019-04-25 07:18:52 -0600,2019-04-24 16:52:03 -0600,2019-04-24 17:15:43 -0600,"HKWorkoutActivityTypeCycling",23.66666666666667,"min",,,,
"Divvy","5047",,2019-04-25 16:36:31 -0600,2019-04-25 07:19:11 -0600,2019-04-25 07:46:31 -0600,"HKWorkoutActivityTypeCycling",27.33333333333333,"min",,,,
"Divvy","5047",,2019-04-25 19:26:49 -0600,2019-04-25 16:36:58 -0600,2019-04-25 17:01:29 -0600,"HKWorkoutActivityTypeCycling",24.51666666666667,"min",,,,
"Divvy","5047",,2019-04-26 11:42:24 -0600,2019-04-26 09:00:55 -0600,2019-04-26 09:26:30 -0600,"HKWorkoutActivityTypeCycling",25.58333333333333,"min",,,,
"Divvy","5047",,2019-04-26 11:59:11 -0600,2019-04-26 11:48:41 -0600,2019-04-26 11:58:57 -0600,"HKWorkoutActivityTypeCycling",10.26666666666667,"min",,,,
"Divvy","5047",,2019-04-26 13:06:15 -0600,2019-04-26 12:57:36 -0600,2019-04-26 13:05:09 -0600,"HKWorkoutActivityTypeCycling",7.55,"min",,,,
"Divvy","5047",,2019-04-30 16:35:33 -0600,2019-04-26 15:11:09 -0600,2019-04-26 15:41:24 -0600,"HKWorkoutActivityTypeCycling",30.25,"min",,,,
"Divvy","5047",,2019-05-01 15:59:17 -0600,2019-05-01 15:46:08 -0600,2019-05-01 15:58:07 -0600,"HKWorkoutActivityTypeCycling",11.98333333333333,"min",,,,
"Divvy","5047",,2019-05-01 17:33:49 -0600,2019-05-01 17:02:04 -0600,2019-05-01 17:27:35 -0600,"HKWorkoutActivityTypeCycling",25.51666666666667,"min",,,,
"Divvy","5047",,2019-05-01 17:38:58 -0600,2019-05-01 17:34:07 -0600,2019-05-01 17:38:24 -0600,"HKWorkoutActivityTypeCycling",4.283333333333333,"min",,,,
"Divvy","5047",,2019-05-01 17:45:07 -0600,2019-05-01 17:39:14 -0600,2019-05-01 17:39:29 -0600,"HKWorkoutActivityTypeCycling",0.25,"min",,,,
"Divvy","5047",,2019-05-03 07:49:48 -0600,2019-05-02 16:20:34 -0600,2019-05-02 16:50:42 -0600,"HKWorkoutActivityTypeCycling",30.13333333333333,"min",,,,
"Divvy","5047",,2019-05-03 12:55:40 -0600,2019-05-03 07:50:13 -0600,2019-05-03 08:26:32 -0600,"HKWorkoutActivityTypeCycling",36.31666666666667,"min",,,,
"Divvy","5047",,2019-05-03 13:01:23 -0600,2019-05-03 12:56:35 -0600,2019-05-03 13:01:13 -0600,"HKWorkoutActivityTypeCycling",4.633333333333334,"min",,,,
"Divvy","5052",,2019-05-06 08:44:33 -0600,2019-05-06 07:52:41 -0600,2019-05-06 08:10:56 -0600,"HKWorkoutActivityTypeCycling",18.25,"min",,,,
"Divvy","5052",,2019-05-06 16:33:32 -0600,2019-05-06 08:44:51 -0600,2019-05-06 08:54:38 -0600,"HKWorkoutActivityTypeCycling",9.783333333333333,"min",,,,
"Divvy","5052",,2019-05-07 08:12:48 -0600,2019-05-06 16:34:45 -0600,2019-05-06 16:41:45 -0600,"HKWorkoutActivityTypeCycling",7,"min",,,,
"Divvy","5052",,2019-05-07 08:44:20 -0600,2019-05-07 08:13:06 -0600,2019-05-07 08:36:20 -0600,"HKWorkoutActivityTypeCycling",23.23333333333333,"min",,,,
"Divvy","5052",,2019-05-08 08:11:41 -0600,2019-05-07 16:32:18 -0600,2019-05-07 17:01:39 -0600,"HKWorkoutActivityTypeCycling",29.35,"min",,,,
"Divvy","5052",,2019-05-08 16:55:54 -0600,2019-05-08 08:12:07 -0600,2019-05-08 08:39:43 -0600,"HKWorkoutActivityTypeCycling",27.6,"min",,,,
"Divvy","5052",,2019-05-09 07:03:20 -0600,2019-05-08 16:58:11 -0600,2019-05-08 17:21:27 -0600,"HKWorkoutActivityTypeCycling",23.26666666666667,"min",,,,
"Divvy","5052",,2019-05-09 08:49:48 -0600,2019-05-09 07:03:53 -0600,2019-05-09 07:32:19 -0600,"HKWorkoutActivityTypeCycling",28.43333333333333,"min",,,,
"Divvy","5052",,2019-05-09 08:58:34 -0600,2019-05-09 08:50:10 -0600,2019-05-09 08:58:18 -0600,"HKWorkoutActivityTypeCycling",8.133333333333333,"min",,,,
"Divvy","5052",,2019-05-09 15:38:21 -0600,2019-05-09 10:34:29 -0600,2019-05-09 10:42:56 -0600,"HKWorkoutActivityTypeCycling",8.449999999999999,"min",,,,
"Divvy","5052",,2019-05-09 15:47:22 -0600,2019-05-09 15:40:32 -0600,2019-05-09 15:47:06 -0600,"HKWorkoutActivityTypeCycling",6.566666666666666,"min",,,,
"Divvy","5052",,2019-05-10 08:42:25 -0600,2019-05-09 15:47:41 -0600,2019-05-09 16:09:08 -0600,"HKWorkoutActivityTypeCycling",21.45,"min",,,,
"Divvy","5052",,2019-05-10 16:15:50 -0600,2019-05-10 08:43:08 -0600,2019-05-10 09:09:56 -0600,"HKWorkoutActivityTypeCycling",26.8,"min",,,,
"Divvy","5052",,2019-05-10 22:07:54 -0600,2019-05-10 21:24:26 -0600,2019-05-10 21:43:50 -0600,"HKWorkoutActivityTypeCycling",19.4,"min",,,,
"Divvy","5057",,2019-06-30 10:06:10 -0600,2019-06-28 07:12:35 -0600,2019-06-28 07:38:27 -0600,"HKWorkoutActivityTypeCycling",25.86666666666667,"min",,,,
"Divvy","5057",,2019-06-30 10:43:25 -0600,2019-06-30 10:06:33 -0600,2019-06-30 10:25:14 -0600,"HKWorkoutActivityTypeCycling",18.68333333333333,"min",,,,
"Divvy","5057",,2019-06-30 15:35:28 -0600,2019-06-30 10:44:10 -0600,2019-06-30 11:04:10 -0600,"HKWorkoutActivityTypeCycling",20,"min",,,,
"Divvy","5057",,2019-07-01 07:27:49 -0600,2019-06-30 15:35:46 -0600,2019-06-30 16:02:56 -0600,"HKWorkoutActivityTypeCycling",27.16666666666667,"min",,,,
"Divvy","5057",,2019-07-01 10:36:45 -0600,2019-07-01 07:28:35 -0600,2019-07-01 07:51:00 -0600,"HKWorkoutActivityTypeCycling",22.41666666666667,"min",,,,
"Divvy","5057",,2019-07-02 07:28:17 -0600,2019-07-01 14:27:29 -0600,2019-07-01 14:48:27 -0600,"HKWorkoutActivityTypeCycling",20.96666666666667,"min",,,,
"Divvy","5057",,2019-07-02 15:25:49 -0600,2019-07-02 07:28:43 -0600,2019-07-02 07:51:11 -0600,"HKWorkoutActivityTypeCycling",22.46666666666667,"min",,,,
"Divvy","5057",,2019-07-03 07:42:43 -0600,2019-07-02 15:26:44 -0600,2019-07-02 15:48:48 -0600,"HKWorkoutActivityTypeCycling",22.06666666666667,"min",,,,
"Divvy","5057",,2019-07-03 10:17:44 -0600,2019-07-03 07:43:17 -0600,2019-07-03 08:08:10 -0600,"HKWorkoutActivityTypeCycling",24.88333333333333,"min",,,,
"Divvy","5057",,2019-07-03 10:26:23 -0600,2019-07-03 10:18:05 -0600,2019-07-03 10:26:11 -0600,"HKWorkoutActivityTypeCycling",8.1,"min",,,,
"Divvy","5057",,2019-07-07 15:09:14 -0600,2019-07-03 16:20:56 -0600,2019-07-03 16:37:53 -0600,"HKWorkoutActivityTypeCycling",16.95,"min",,,,
"Divvy","5057",,2019-07-08 11:46:45 -0600,2019-07-07 15:09:30 -0600,2019-07-07 15:15:41 -0600,"HKWorkoutActivityTypeCycling",6.183333333333334,"min",,,,
"Divvy","5057",,2019-07-08 12:39:56 -0600,2019-07-08 11:47:07 -0600,2019-07-08 11:54:41 -0600,"HKWorkoutActivityTypeCycling",7.569166664282481,"min",,,,
"Divvy","5057",,2019-07-08 13:17:01 -0600,2019-07-08 12:40:34 -0600,2019-07-08 12:48:13 -0600,"HKWorkoutActivityTypeCycling",7.65465000073115,"min",,,,
"Divvy","5057",,2019-07-08 13:38:15 -0600,2019-07-08 13:17:25 -0600,2019-07-08 13:31:58 -0600,"HKWorkoutActivityTypeCycling",14.54826666514079,"min",,,,
"Divvy","5057",,2019-07-08 18:12:54 -0600,2019-07-08 16:53:54 -0600,2019-07-08 17:18:04 -0600,"HKWorkoutActivityTypeCycling",24.15525000095368,"min",,,,
"Divvy","5057",,2019-07-09 07:42:11 -0600,2019-07-09 07:04:02 -0600,2019-07-09 07:31:53 -0600,"HKWorkoutActivityTypeCycling",27.83415000041326,"min",,,,
"Divvy","5057",,2019-07-09 08:00:22 -0600,2019-07-09 07:42:29 -0600,2019-07-09 07:56:35 -0600,"HKWorkoutActivityTypeCycling",14.09548333485921,"min",,,,
"Divvy","5057",,2019-07-09 17:04:12 -0600,2019-07-09 13:41:02 -0600,2019-07-09 13:48:28 -0600,"HKWorkoutActivityTypeCycling",7.439466667175293,"min",,,,
"Divvy","5057",,2019-07-09 17:42:27 -0600,2019-07-09 17:04:30 -0600,2019-07-09 17:27:08 -0600,"HKWorkoutActivityTypeCycling",22.61971666415532,"min",,,,
"Divvy","5057",,2019-07-10 16:11:30 -0600,2019-07-10 07:50:08 -0600,2019-07-10 08:13:09 -0600,"HKWorkoutActivityTypeCycling",23.01299999952316,"min",,,,
"Divvy","5057",,2019-07-10 17:13:14 -0600,2019-07-10 16:13:53 -0600,2019-07-10 16:28:25 -0600,"HKWorkoutActivityTypeCycling",14.52225000063578,"min",,,,
"Divvy","5057",,2019-07-10 17:41:18 -0600,2019-07-10 17:13:30 -0600,2019-07-10 17:36:23 -0600,"HKWorkoutActivityTypeCycling",22.88281666835149,"min",,,,
"Divvy","5057",,2019-07-11 08:15:10 -0600,2019-07-11 07:50:11 -0600,2019-07-11 08:13:33 -0600,"HKWorkoutActivityTypeCycling",23.35771666765213,"min",,,,
"Divvy","5057",,2019-07-11 15:49:52 -0600,2019-07-11 15:22:07 -0600,2019-07-11 15:31:18 -0600,"HKWorkoutActivityTypeCycling",9.183550000190735,"min",,,,
"Divvy","5057",,2019-07-11 19:49:08 -0600,2019-07-11 19:29:50 -0600,2019-07-11 19:48:50 -0600,"HKWorkoutActivityTypeCycling",18.99965000152588,"min",,,,
"Divvy","5057",,2019-07-12 06:57:49 -0600,2019-07-12 06:33:13 -0600,2019-07-12 06:54:58 -0600,"HKWorkoutActivityTypeCycling",21.75310000181198,"min",,,,
"Divvy","5057",,2019-07-12 11:39:03 -0600,2019-07-12 11:23:46 -0600,2019-07-12 11:31:41 -0600,"HKWorkoutActivityTypeCycling",7.919600001970927,"min",,,,
"Divvy","5057",,2019-07-13 08:51:23 -0600,2019-07-12 17:04:49 -0600,2019-07-12 17:23:27 -0600,"HKWorkoutActivityTypeCycling",18.64583333333333,"min",,,,
"Divvy","5057",,2019-07-15 07:58:05 -0600,2019-07-13 08:51:48 -0600,2019-07-13 08:56:09 -0600,"HKWorkoutActivityTypeCycling",4.342766666412354,"min",,,,
"Divvy","5057",,2019-07-15 08:28:29 -0600,2019-07-15 07:58:33 -0600,2019-07-15 08:27:35 -0600,"HKWorkoutActivityTypeCycling",29.0465499997139,"min",,,,
"Divvy","5057",,2019-07-15 15:40:16 -0600,2019-07-15 11:58:49 -0600,2019-07-15 12:07:59 -0600,"HKWorkoutActivityTypeCycling",9.15765000184377,"min",,,,
"Divvy","5057",,2019-07-16 07:38:17 -0600,2019-07-15 15:40:46 -0600,2019-07-15 16:04:09 -0600,"HKWorkoutActivityTypeCycling",23.38528333107631,"min",,,,
"Divvy","5057",,2019-07-16 14:43:21 -0600,2019-07-16 07:44:01 -0600,2019-07-16 08:08:17 -0600,"HKWorkoutActivityTypeCycling",24.26408333381017,"min",,,,
"Divvy","5057",,2019-07-16 16:06:06 -0600,2019-07-16 14:43:53 -0600,2019-07-16 14:52:54 -0600,"HKWorkoutActivityTypeCycling",9.021666665871939,"min",,,,
"Divvy","5057",,2019-07-17 08:04:40 -0600,2019-07-16 16:06:24 -0600,2019-07-16 16:14:23 -0600,"HKWorkoutActivityTypeCycling",7.978933330376943,"min",,,,
"Divvy","5057",,2019-07-17 08:27:44 -0600,2019-07-17 08:05:31 -0600,2019-07-17 08:27:19 -0600,"HKWorkoutActivityTypeCycling",21.8093000014623,"min",,,,
"Divvy","5057",,2019-07-19 15:44:01 -0600,2019-07-19 09:31:32 -0600,2019-07-19 09:54:21 -0600,"HKWorkoutActivityTypeCycling",22.80945000251134,"min",,,,
"Divvy","5057",,2019-07-19 15:55:24 -0600,2019-07-19 15:44:19 -0600,2019-07-19 15:51:49 -0600,"HKWorkoutActivityTypeCycling",7.508916668097178,"min",,,,
"Divvy","5057",,2019-07-23 08:19:48 -0600,2019-07-22 07:57:31 -0600,2019-07-22 08:21:11 -0600,"HKWorkoutActivityTypeCycling",23.66964999834697,"min",,,,
"Divvy","5057",,2019-07-23 16:30:48 -0600,2019-07-23 08:20:06 -0600,2019-07-23 08:39:41 -0600,"HKWorkoutActivityTypeCycling",19.58533333539963,"min",,,,
"Divvy","5057",,2019-07-23 16:39:14 -0600,2019-07-23 16:31:28 -0600,2019-07-23 16:38:46 -0600,"HKWorkoutActivityTypeCycling",7.300700000921885,"min",,,,
"Divvy","5057",,2019-07-24 13:17:04 -0600,2019-07-24 07:48:19 -0600,2019-07-24 08:10:07 -0600,"HKWorkoutActivityTypeCycling",21.80206666390101,"min",,,,
"Divvy","5057",,2019-07-24 15:30:56 -0600,2019-07-24 13:17:21 -0600,2019-07-24 13:25:37 -0600,"HKWorkoutActivityTypeCycling",8.257400000095368,"min",,,,
"Divvy","5057",,2019-07-24 15:51:00 -0600,2019-07-24 15:34:50 -0600,2019-07-24 15:49:30 -0600,"HKWorkoutActivityTypeCycling",14.66129999955495,"min",,,,
"Divvy","5057",,2019-07-25 08:34:24 -0600,2019-07-25 08:02:27 -0600,2019-07-25 08:29:40 -0600,"HKWorkoutActivityTypeCycling",27.20748333533605,"min",,,,
"Divvy","5057",,2019-07-25 17:01:56 -0600,2019-07-25 16:26:01 -0600,2019-07-25 16:45:12 -0600,"HKWorkoutActivityTypeCycling",19.18031666676204,"min",,,,
"Divvy","5057",,2019-07-26 08:35:02 -0600,2019-07-26 07:56:56 -0600,2019-07-26 08:26:45 -0600,"HKWorkoutActivityTypeCycling",29.81041666666667,"min",,,,
"Divvy","5057",,2019-07-26 15:38:59 -0600,2019-07-26 12:23:16 -0600,2019-07-26 12:30:39 -0600,"HKWorkoutActivityTypeCycling",7.38633333047231,"min",,,,
"Divvy","5057",,2019-07-26 16:25:44 -0600,2019-07-26 15:39:18 -0600,2019-07-26 16:05:38 -0600,"HKWorkoutActivityTypeCycling",26.32986666758855,"min",,,,
"Divvy","5057",,2019-07-29 09:40:55 -0600,2019-07-29 08:10:16 -0600,2019-07-29 08:34:04 -0600,"HKWorkoutActivityTypeCycling",23.80828333298365,"min",,,,
"Divvy","5057",,2019-07-29 16:40:41 -0600,2019-07-29 09:41:17 -0600,2019-07-29 09:48:40 -0600,"HKWorkoutActivityTypeCycling",7.377050002415975,"min",,,,
"Divvy","5057",,2019-07-29 17:25:03 -0600,2019-07-29 16:51:06 -0600,2019-07-29 17:13:02 -0600,"HKWorkoutActivityTypeCycling",21.93505000273387,"min",,,,
"Divvy","5057",,2019-07-31 08:25:33 -0600,2019-07-31 07:43:42 -0600,2019-07-31 08:09:52 -0600,"HKWorkoutActivityTypeCycling",26.17494999965032,"min",,,,
"Divvy","5057",,2019-07-31 15:31:23 -0600,2019-07-31 12:20:59 -0600,2019-07-31 12:33:04 -0600,"HKWorkoutActivityTypeCycling",12.08891666730245,"min",,,,
"Divvy","5057",,2019-07-31 15:47:17 -0600,2019-07-31 15:31:39 -0600,2019-07-31 15:43:32 -0600,"HKWorkoutActivityTypeCycling",11.88945000171661,"min",,,,
"Divvy","5057",,2019-08-01 08:12:01 -0600,2019-07-31 17:06:41 -0600,2019-07-31 17:33:03 -0600,"HKWorkoutActivityTypeCycling",26.37321666479111,"min",,,,
"Divvy","5057",,2019-08-01 14:36:12 -0600,2019-08-01 08:12:29 -0600,2019-08-01 08:38:21 -0600,"HKWorkoutActivityTypeCycling",25.88191667000453,"min",,,,
"Divvy","5057",,2019-08-01 15:35:40 -0600,2019-08-01 14:40:58 -0600,2019-08-01 15:04:58 -0600,"HKWorkoutActivityTypeCycling",23.98996666669846,"min",,,,
"Divvy","5057",,2019-08-02 09:25:21 -0600,2019-08-02 09:03:07 -0600,2019-08-02 09:25:04 -0600,"HKWorkoutActivityTypeCycling",21.95975000063578,"min",,,,
"Divvy","5057",,2019-08-02 11:53:24 -0600,2019-08-02 11:29:37 -0600,2019-08-02 11:39:20 -0600,"HKWorkoutActivityTypeCycling",9.714366666475932,"min",,,,
"Divvy","5057",,2019-08-03 11:26:19 -0600,2019-08-03 09:25:37 -0600,2019-08-03 09:45:20 -0600,"HKWorkoutActivityTypeCycling",19.71226666768392,"min",,,,
"Divvy","5057",,2019-08-03 12:02:03 -0600,2019-08-03 11:29:07 -0600,2019-08-03 11:43:50 -0600,"HKWorkoutActivityTypeCycling",14.72441666523616,"min",,,,
"Divvy","5057",,2019-08-04 09:36:04 -0600,2019-08-03 12:32:36 -0600,2019-08-03 12:47:12 -0600,"HKWorkoutActivityTypeCycling",14.60205000241598,"min",,,,
"Divvy","5057",,2019-08-04 10:00:56 -0600,2019-08-04 09:36:28 -0600,2019-08-04 09:51:53 -0600,"HKWorkoutActivityTypeCycling",15.40719999869665,"min",,,,
"Divvy","5057",,2019-08-04 13:18:04 -0600,2019-08-04 12:56:59 -0600,2019-08-04 13:14:00 -0600,"HKWorkoutActivityTypeCycling",17.01445000171661,"min",,,,
"Divvy","5057",,2019-08-04 15:11:05 -0600,2019-08-04 14:12:47 -0600,2019-08-04 14:28:36 -0600,"HKWorkoutActivityTypeCycling",15.81046666701635,"min",,,,
"Divvy","5057",,2019-08-05 08:48:31 -0600,2019-08-05 08:20:07 -0600,2019-08-05 08:46:30 -0600,"HKWorkoutActivityTypeCycling",26.38561666409175,"min",,,,
"Divvy","5057",,2019-08-05 10:53:50 -0600,2019-08-05 10:29:09 -0600,2019-08-05 10:53:33 -0600,"HKWorkoutActivityTypeCycling",24.38934999704361,"min",,,,
"Divvy","5057",,2019-08-06 08:16:46 -0600,2019-08-05 15:12:13 -0600,2019-08-05 15:31:41 -0600,"HKWorkoutActivityTypeCycling",19.46521666844686,"min",,,,
"Divvy","5057",,2019-08-06 09:12:55 -0600,2019-08-06 08:17:09 -0600,2019-08-06 08:39:49 -0600,"HKWorkoutActivityTypeCycling",22.67206666866938,"min",,,,
"Divvy","5057",,2019-08-06 09:47:48 -0600,2019-08-06 09:13:10 -0600,2019-08-06 09:21:44 -0600,"HKWorkoutActivityTypeCycling",8.577716664473217,"min",,,,
"Divvy","5057",,2019-08-06 14:44:03 -0600,2019-08-06 09:48:04 -0600,2019-08-06 09:57:33 -0600,"HKWorkoutActivityTypeCycling",9.481116664409637,"min",,,,
"Divvy","5057",,2019-08-07 07:55:22 -0600,2019-08-06 14:44:31 -0600,2019-08-06 15:17:33 -0600,"HKWorkoutActivityTypeCycling",33.03848333358765,"min",,,,
"Divvy","5057",,2019-08-07 08:22:07 -0600,2019-08-07 07:55:53 -0600,2019-08-07 08:21:42 -0600,"HKWorkoutActivityTypeCycling",25.81519999901453,"min",,,,
"Divvy","5057",,2019-08-08 16:01:29 -0600,2019-08-08 07:49:43 -0600,2019-08-08 08:13:36 -0600,"HKWorkoutActivityTypeCycling",23.87963333129883,"min",,,,
"Divvy","5057",,2019-08-08 20:30:16 -0600,2019-08-08 16:01:53 -0600,2019-08-08 16:23:25 -0600,"HKWorkoutActivityTypeCycling",21.52669999996821,"min",,,,
"Divvy","5057",,2019-08-09 16:55:08 -0600,2019-08-09 07:52:12 -0600,2019-08-09 08:15:34 -0600,"HKWorkoutActivityTypeCycling",23.35753333171209,"min",,,,
"Divvy","5057",,2019-08-09 18:03:13 -0600,2019-08-09 16:55:37 -0600,2019-08-09 17:20:00 -0600,"HKWorkoutActivityTypeCycling",24.37656666437785,"min",,,,
"Divvy","5057",,2019-08-13 07:37:11 -0600,2019-08-12 07:57:15 -0600,2019-08-12 08:18:00 -0600,"HKWorkoutActivityTypeCycling",20.74240000247955,"min",,,,
"Divvy","5057",,2019-08-13 16:45:28 -0600,2019-08-13 07:37:43 -0600,2019-08-13 08:05:19 -0600,"HKWorkoutActivityTypeCycling",27.58436666329702,"min",,,,
"Divvy","5057",,2019-08-13 17:23:52 -0600,2019-08-13 16:45:53 -0600,2019-08-13 17:09:01 -0600,"HKWorkoutActivityTypeCycling",23.12126666704814,"min",,,,
"Divvy","5057",,2019-08-14 08:02:33 -0600,2019-08-14 06:50:29 -0600,2019-08-14 07:05:57 -0600,"HKWorkoutActivityTypeCycling",15.46820000012716,"min",,,,
"Divvy","5057",,2019-08-14 08:18:08 -0600,2019-08-14 08:02:51 -0600,2019-08-14 08:10:41 -0600,"HKWorkoutActivityTypeCycling",7.840716667970022,"min",,,,
"Divvy","5057",,2019-08-14 18:06:42 -0600,2019-08-14 14:57:26 -0600,2019-08-14 15:11:54 -0600,"HKWorkoutActivityTypeCycling",14.47048333088557,"min",,,,
"Divvy","5057",,2019-08-15 07:39:06 -0600,2019-08-14 18:07:52 -0600,2019-08-14 18:23:12 -0600,"HKWorkoutActivityTypeCycling",15.32745000123978,"min",,,,
"Divvy","5057",,2019-08-15 16:10:21 -0600,2019-08-15 07:39:27 -0600,2019-08-15 08:04:31 -0600,"HKWorkoutActivityTypeCycling",25.057299999396,"min",,,,
"Divvy","5057",,2019-08-16 07:28:15 -0600,2019-08-15 16:10:37 -0600,2019-08-15 16:35:54 -0600,"HKWorkoutActivityTypeCycling",25.27211666504542,"min",,,,
"Divvy","5057",,2019-08-16 07:53:48 -0600,2019-08-16 07:28:38 -0600,2019-08-16 07:47:32 -0600,"HKWorkoutActivityTypeCycling",18.90740000009537,"min",,,,
"Divvy","5057",,2019-08-19 08:23:31 -0600,2019-08-16 17:07:16 -0600,2019-08-16 17:30:42 -0600,"HKWorkoutActivityTypeCycling",23.44313333034516,"min",,,,
"Divvy","5057",,2019-08-19 13:49:52 -0600,2019-08-19 08:23:46 -0600,2019-08-19 08:46:45 -0600,"HKWorkoutActivityTypeCycling",22.9844833334287,"min",,,,
"Divvy","5057",,2019-08-20 07:13:26 -0600,2019-08-19 13:50:10 -0600,2019-08-19 14:09:23 -0600,"HKWorkoutActivityTypeCycling",19.22186666727066,"min",,,,
"Divvy","5057",,2019-08-20 07:31:58 -0600,2019-08-20 07:13:58 -0600,2019-08-20 07:31:02 -0600,"HKWorkoutActivityTypeCycling",17.07373333374659,"min",,,,
"Divvy","5057",,2019-08-20 16:43:16 -0600,2019-08-20 13:14:09 -0600,2019-08-20 13:20:22 -0600,"HKWorkoutActivityTypeCycling",6.215933334827423,"min",,,,
"Divvy","5057",,2019-08-20 17:09:25 -0600,2019-08-20 16:43:31 -0600,2019-08-20 17:06:49 -0600,"HKWorkoutActivityTypeCycling",23.29933332999547,"min",,,,
"Divvy","5057",,2019-08-21 07:33:21 -0600,2019-08-21 07:14:37 -0600,2019-08-21 07:31:30 -0600,"HKWorkoutActivityTypeCycling",16.89165000120799,"min",,,,
"Divvy","5057",,2019-08-21 17:10:25 -0600,2019-08-21 15:03:36 -0600,2019-08-21 15:22:05 -0600,"HKWorkoutActivityTypeCycling",18.48338333368302,"min",,,,
"Divvy","5057",,2019-08-22 16:57:02 -0600,2019-08-22 16:27:58 -0600,2019-08-22 16:47:38 -0600,"HKWorkoutActivityTypeCycling",19.65685000022252,"min",,,,
"Divvy","5057",,2019-08-23 17:37:31 -0600,2019-08-23 06:47:13 -0600,2019-08-23 07:09:37 -0600,"HKWorkoutActivityTypeCycling",22.38858333428701,"min",,,,
"Divvy","5057",,2019-08-27 06:59:45 -0600,2019-08-23 17:45:39 -0600,2019-08-23 18:03:35 -0600,"HKWorkoutActivityTypeCycling",17.9367000023524,"min",,,,
"Divvy","5057",,2019-08-27 07:16:01 -0600,2019-08-27 07:00:08 -0600,2019-08-27 07:14:39 -0600,"HKWorkoutActivityTypeCycling",14.50765000184377,"min",,,,
"Divvy","5057",,2019-08-27 16:00:50 -0600,2019-08-27 15:36:36 -0600,2019-08-27 15:55:35 -0600,"HKWorkoutActivityTypeCycling",18.98674999872843,"min",,,,
"Divvy","5057",,2019-08-28 07:30:55 -0600,2019-08-28 07:15:16 -0600,2019-08-28 07:29:51 -0600,"HKWorkoutActivityTypeCycling",14.58801666498184,"min",,,,
"Divvy","5057",,2019-08-28 17:27:46 -0600,2019-08-28 14:35:11 -0600,2019-08-28 14:49:27 -0600,"HKWorkoutActivityTypeCycling",14.26485000054041,"min",,,,
"Divvy","5057",,2019-08-29 07:03:01 -0600,2019-08-28 17:28:00 -0600,2019-08-28 17:56:49 -0600,"HKWorkoutActivityTypeCycling",28.81713333527247,"min",,,,
"Divvy","5057",,2019-08-29 14:15:48 -0600,2019-08-29 07:03:36 -0600,2019-08-29 07:19:58 -0600,"HKWorkoutActivityTypeCycling",16.36826666593551,"min",,,,
"Divvy","5057",,2019-08-29 16:07:57 -0600,2019-08-29 14:16:46 -0600,2019-08-29 14:25:52 -0600,"HKWorkoutActivityTypeCycling",9.097783335049947,"min",,,,
"Divvy","5057",,2019-08-29 16:24:13 -0600,2019-08-29 16:19:14 -0600,2019-08-29 16:24:02 -0600,"HKWorkoutActivityTypeCycling",4.790516666571299,"min",,,,
"Divvy","5057",,2019-08-29 18:26:56 -0600,2019-08-29 17:49:48 -0600,2019-08-29 18:08:48 -0600,"HKWorkoutActivityTypeCycling",18.99571666717529,"min",,,,
"Divvy","5057",,2019-09-04 07:14:50 -0600,2019-09-04 06:55:12 -0600,2019-09-04 07:13:35 -0600,"HKWorkoutActivityTypeCycling",18.38838333288829,"min",,,,
"Divvy","5057",,2019-09-04 17:14:59 -0600,2019-09-04 10:58:02 -0600,2019-09-04 11:04:33 -0600,"HKWorkoutActivityTypeCycling",6.511500000953674,"min",,,,
"Divvy","5057",,2019-09-05 07:05:24 -0600,2019-09-04 17:15:16 -0600,2019-09-04 17:34:24 -0600,"HKWorkoutActivityTypeCycling",19.13841666777929,"min",,,,
"Divvy","5057",,2019-09-05 15:20:15 -0600,2019-09-05 15:13:03 -0600,2019-09-05 15:19:40 -0600,"HKWorkoutActivityTypeCycling",6.605283335844676,"min",,,,
"Divvy","5057",,2019-09-06 15:48:10 -0600,2019-09-06 07:30:02 -0600,2019-09-06 07:45:56 -0600,"HKWorkoutActivityTypeCycling",15.88421666622162,"min",,,,
"Divvy","5057",,2019-09-16 07:49:48 -0600,2019-09-06 15:48:20 -0600,2019-09-06 16:06:55 -0600,"HKWorkoutActivityTypeCycling",18.59198333422343,"min",,,,
"Divvy","5057",,2019-09-16 16:36:19 -0600,2019-09-16 07:50:46 -0600,2019-09-16 08:13:44 -0600,"HKWorkoutActivityTypeCycling",22.96895000139872,"min",,,,
"Divvy","5057",,2019-09-16 18:34:07 -0600,2019-09-16 16:36:39 -0600,2019-09-16 17:01:13 -0600,"HKWorkoutActivityTypeCycling",24.5657333334287,"min",,,,
"Divvy","5067",,2019-09-17 15:35:13 -0600,2019-09-17 06:30:32 -0600,2019-09-17 06:46:42 -0600,"HKWorkoutActivityTypeCycling",16.17724999984106,"min",,,,
"Divvy","5067",,2019-09-18 07:25:03 -0600,2019-09-17 15:35:34 -0600,2019-09-17 15:55:36 -0600,"HKWorkoutActivityTypeCycling",20.0310666680336,"min",,,,
"Divvy","5067",,2019-09-18 07:45:19 -0600,2019-09-18 07:25:42 -0600,2019-09-18 07:43:00 -0600,"HKWorkoutActivityTypeCycling",17.29923333326975,"min",,,,
"Divvy","5067",,2019-09-19 08:15:22 -0600,2019-09-18 16:39:26 -0600,2019-09-18 16:58:20 -0600,"HKWorkoutActivityTypeCycling",18.90389999945959,"min",,,,
"Divvy","5067",,2019-09-19 13:29:36 -0600,2019-09-19 08:15:44 -0600,2019-09-19 08:39:00 -0600,"HKWorkoutActivityTypeCycling",23.26358333428701,"min",,,,
"Divvy","5067",,2019-09-19 16:47:14 -0600,2019-09-19 13:29:53 -0600,2019-09-19 13:35:10 -0600,"HKWorkoutActivityTypeCycling",5.286183333396911,"min",,,,
"Divvy","5067",,2019-09-19 17:22:13 -0600,2019-09-19 16:47:30 -0600,2019-09-19 17:07:00 -0600,"HKWorkoutActivityTypeCycling",19.51001666784287,"min",,,,
"Divvy","5067",,2019-09-20 09:47:20 -0600,2019-09-20 08:22:50 -0600,2019-09-20 08:48:39 -0600,"HKWorkoutActivityTypeCycling",25.818783334891,"min",,,,
"Divvy","5067",,2019-09-20 11:07:19 -0600,2019-09-20 10:56:12 -0600,2019-09-20 11:06:53 -0600,"HKWorkoutActivityTypeCycling",10.68725000222524,"min",,,,
"Divvy","5067",,2019-09-20 17:39:56 -0600,2019-09-20 17:12:40 -0600,2019-09-20 17:25:00 -0600,"HKWorkoutActivityTypeCycling",12.34001666704814,"min",,,,
"Divvy","5067",,2019-09-20 18:16:55 -0600,2019-09-20 17:40:15 -0600,2019-09-20 17:56:58 -0600,"HKWorkoutActivityTypeCycling",16.7154833316803,"min",,,,
"Divvy","5067",,2019-09-23 08:49:33 -0600,2019-09-23 08:25:46 -0600,2019-09-23 08:49:06 -0600,"HKWorkoutActivityTypeCycling",23.33511666456858,"min",,,,
"Divvy","5067",,2019-09-24 16:26:28 -0600,2019-09-24 08:17:41 -0600,2019-09-24 08:40:50 -0600,"HKWorkoutActivityTypeCycling",23.1531999985377,"min",,,,
"Divvy","5067",,2019-09-24 16:56:10 -0600,2019-09-24 16:26:49 -0600,2019-09-24 16:45:52 -0600,"HKWorkoutActivityTypeCycling",19.0540333310763,"min",,,,
"Divvy","5067",,2019-09-25 15:52:03 -0600,2019-09-25 07:48:11 -0600,2019-09-25 08:04:59 -0600,"HKWorkoutActivityTypeCycling",16.79823333422343,"min",,,,
"Divvy","5067",,2019-09-25 16:19:01 -0600,2019-09-25 15:52:21 -0600,2019-09-25 16:10:08 -0600,"HKWorkoutActivityTypeCycling",17.78839999834696,"min",,,,
"Divvy","5067",,2019-09-26 16:39:36 -0600,2019-09-26 08:03:41 -0600,2019-09-26 08:30:18 -0600,"HKWorkoutActivityTypeCycling",26.61173333326975,"min",,,,
"Divvy","5067",,2019-09-27 08:01:27 -0600,2019-09-26 16:40:53 -0600,2019-09-26 17:00:10 -0600,"HKWorkoutActivityTypeCycling",19.2786333322525,"min",,,,
"Divvy","5067",,2019-09-27 08:24:37 -0600,2019-09-27 08:01:46 -0600,2019-09-27 08:22:43 -0600,"HKWorkoutActivityTypeCycling",20.95978333552678,"min",,,,
"Divvy","5067",,2019-09-30 08:02:34 -0600,2019-09-30 07:45:25 -0600,2019-09-30 08:01:26 -0600,"HKWorkoutActivityTypeCycling",16.03209999799729,"min",,,,
"Divvy","5067",,2019-09-30 17:46:14 -0600,2019-09-30 17:02:05 -0600,2019-09-30 17:24:44 -0600,"HKWorkoutActivityTypeCycling",22.65381666819254,"min",,,,
"Divvy","5067",,2019-10-01 15:16:02 -0600,2019-10-01 07:19:19 -0600,2019-10-01 07:36:06 -0600,"HKWorkoutActivityTypeCycling",16.7909166653951,"min",,,,
"Divvy","5067",,2019-10-01 17:16:34 -0600,2019-10-01 15:16:19 -0600,2019-10-01 15:23:47 -0600,"HKWorkoutActivityTypeCycling",7.473200003306071,"min",,,,
"Divvy","5067",,2019-10-02 07:43:11 -0600,2019-10-01 17:16:51 -0600,2019-10-01 17:45:06 -0600,"HKWorkoutActivityTypeCycling",28.25208333333333,"min",,,,
"Divvy","5067",,2019-10-02 08:03:26 -0600,2019-10-02 07:43:26 -0600,2019-10-02 08:00:51 -0600,"HKWorkoutActivityTypeCycling",17.42196666797002,"min",,,,
"Divvy","5067",,2019-10-03 07:01:50 -0600,2019-10-03 06:46:29 -0600,2019-10-03 07:01:00 -0600,"HKWorkoutActivityTypeCycling",14.50651666720708,"min",,,,
"Divvy","5067",,2019-10-03 18:00:57 -0600,2019-10-03 16:48:21 -0600,2019-10-03 17:09:53 -0600,"HKWorkoutActivityTypeCycling",21.52593333323797,"min",,,,
"Divvy","5067",,2019-10-04 15:56:56 -0600,2019-10-04 07:59:25 -0600,2019-10-04 08:14:53 -0600,"HKWorkoutActivityTypeCycling",15.45441666444143,"min",,,,
"Divvy","5067",,2019-10-04 17:43:22 -0600,2019-10-04 15:57:18 -0600,2019-10-04 16:17:21 -0600,"HKWorkoutActivityTypeCycling",20.04495000044505,"min",,,,
"Divvy","5067",,2019-10-07 07:43:11 -0600,2019-10-07 07:23:31 -0600,2019-10-07 07:42:17 -0600,"HKWorkoutActivityTypeCycling",18.76416666507721,"min",,,,
"Divvy","5067",,2019-10-07 18:06:48 -0600,2019-10-07 18:02:27 -0600,2019-10-07 18:06:36 -0600,"HKWorkoutActivityTypeCycling",4.15471666653951,"min",,,,
"Divvy","5067",,2019-10-09 07:04:22 -0600,2019-10-08 08:38:59 -0600,2019-10-08 09:05:08 -0600,"HKWorkoutActivityTypeCycling",26.15118333498637,"min",,,,
"Divvy","5067",,2019-10-09 12:54:34 -0600,2019-10-09 07:05:04 -0600,2019-10-09 07:22:14 -0600,"HKWorkoutActivityTypeCycling",17.16875,"min",,,,
"Divvy","5067",,2019-10-09 13:03:56 -0600,2019-10-09 12:54:49 -0600,2019-10-09 13:03:31 -0600,"HKWorkoutActivityTypeCycling",8.686500000953675,"min",,,,
"Divvy","5067",,2019-10-10 07:53:49 -0600,2019-10-10 07:35:00 -0600,2019-10-10 07:52:39 -0600,"HKWorkoutActivityTypeCycling",17.65596666336059,"min",,,,
"Divvy","5067",,2019-10-10 15:04:29 -0600,2019-10-10 14:36:22 -0600,2019-10-10 14:59:37 -0600,"HKWorkoutActivityTypeCycling",23.24420000314712,"min",,,,
"Divvy","5067",,2019-10-15 08:13:57 -0600,2019-10-15 07:56:08 -0600,2019-10-15 08:12:49 -0600,"HKWorkoutActivityTypeCycling",16.68599999745687,"min",,,,
"Divvy","5067",,2019-10-17 06:43:45 -0600,2019-10-16 07:20:55 -0600,2019-10-16 07:38:07 -0600,"HKWorkoutActivityTypeCycling",17.19696666399638,"min",,,,
"Divvy","5067",,2019-10-17 14:30:40 -0600,2019-10-17 06:44:03 -0600,2019-10-17 06:59:36 -0600,"HKWorkoutActivityTypeCycling",15.55364999771118,"min",,,,
"Divvy","5067",,2019-10-17 14:58:30 -0600,2019-10-17 14:30:59 -0600,2019-10-17 14:48:24 -0600,"HKWorkoutActivityTypeCycling",17.41719999710719,"min",,,,
"Divvy","5067",,2019-10-22 08:40:41 -0600,2019-10-21 07:37:30 -0600,2019-10-21 07:56:45 -0600,"HKWorkoutActivityTypeCycling",19.23559999863307,"min",,,,
"Divvy","5067",,2019-10-22 09:02:01 -0600,2019-10-22 08:42:00 -0600,2019-10-22 09:00:17 -0600,"HKWorkoutActivityTypeCycling",18.28179999987284,"min",,,,
"Divvy","5067",,2019-10-23 08:23:19 -0600,2019-10-23 07:32:32 -0600,2019-10-23 07:48:14 -0600,"HKWorkoutActivityTypeCycling",15.69459999799728,"min",,,,
"Divvy","5067",,2019-10-24 07:07:06 -0600,2019-10-23 10:12:43 -0600,2019-10-23 10:20:56 -0600,"HKWorkoutActivityTypeCycling",8.230483333269754,"min",,,,
"Divvy","5067",,2019-10-24 08:11:07 -0600,2019-10-24 07:49:20 -0600,2019-10-24 08:10:04 -0600,"HKWorkoutActivityTypeCycling",20.72221666971842,"min",,,,
"Divvy","5067",,2019-10-27 15:05:25 -0600,2019-10-25 16:47:36 -0600,2019-10-25 17:05:55 -0600,"HKWorkoutActivityTypeCycling",18.30366666316986,"min",,,,
"Divvy","5068",,2020-01-28 10:53:07 -0600,2019-11-25 07:58:11 -0600,2019-11-25 08:12:32 -0600,"HKWorkoutActivityTypeCycling",14.35576666593552,"min",,,,
"Divvy","5068",,2020-03-16 07:58:01 -0600,2020-03-12 14:35:55 -0600,2020-03-12 15:05:46 -0600,"HKWorkoutActivityTypeCycling",29.84763333002726,"min",,,,
"Divvy","5068",,2020-03-16 15:12:46 -0600,2020-03-16 09:19:31 -0600,2020-03-16 09:37:41 -0600,"HKWorkoutActivityTypeCycling",18.15736666917801,"min",,,,
